Rank,City,Cost of Living Index,Rent Index,Cost of Living Plus Rent Index,Groceries Index,Restaurant Price Index,Local Purchasing Power Index
,"Hamilton, Bermuda",149.02,96.10,124.22,157.89,155.22,79.43
,"Zurich, Switzerland",131.24,69.26,102.19,136.14,132.52,129.79
,"Basel, Switzerland",130.93,49.38,92.70,137.07,130.95,111.53
,"Zug, Switzerland",128.13,72.12,101.87,132.61,130.93,143.40
,"Lugano, Switzerland",123.99,44.99,86.96,129.17,119.80,111.96
,"Lausanne, Switzerland",122.03,59.55,92.74,122.56,127.01,127.01
,"Beirut, Lebanon",120.47,27.76,77.01,141.33,116.95,15.40
,"Bern, Switzerland",118.16,46.12,84.39,118.37,120.88,112.46
,"Geneva, Switzerland",114.05,75.05,95.77,112.70,126.31,120.60
,"Stavanger, Norway",104.61,35.38,72.16,102.46,107.51,85.90
,"Honolulu, HI, United States",103.65,65.07,85.56,114.92,94.28,89.24
,"Oslo, Norway",102.33,46.39,76.11,97.62,111.54,85.18
,"Bergen, Norway",100.38,34.84,69.66,96.22,103.51,86.96
,"New York, NY, United States",100.00,100.00,100.00,100.00,100.00,100.00
,"Trondheim, Norway",99.43,37.74,70.52,95.11,103.21,88.00
,"Tromso, Norway",98.99,37.19,70.02,97.73,103.47,89.46
,"Reykjavik, Iceland",97.61,46.27,73.55,91.92,105.77,74.84
,"Saint Helier, Jersey",96.54,65.22,81.85,79.94,109.51,80.43
,"Santa Barbara, CA, United States",95.01,78.42,87.23,99.53,99.41,93.86
,"Tel Aviv-Yafo, Israel",94.49,53.22,75.15,82.98,106.66,70.22
,"Berkeley, CA, United States",94.36,88.22,91.48,106.23,78.85,85.78
,"San Francisco, CA, United States",93.91,108.42,100.72,97.05,93.40,133.16
,"Oakland, CA, United States",92.93,87.79,90.52,98.46,78.71,111.73
,"Anchorage, AK, United States",91.23,39.29,66.88,97.95,78.76,118.63
,"Santa Clara, CA, United States",89.41,90.39,89.87,100.63,73.46,155.41
,"Petah Tikva, Israel",88.86,32.68,62.52,76.04,100.37,72.86
,"Beersheba, Israel",88.77,23.10,57.99,81.06,92.07,80.11
,"Seattle, WA, United States",88.52,65.84,77.89,87.34,93.09,145.39
,"Copenhagen, Denmark",88.34,49.42,70.10,71.49,106.02,90.67
,"Arhus, Denmark",88.18,36.52,63.97,69.20,111.78,95.49
,"Haifa, Israel",87.44,24.34,57.86,74.28,94.59,77.61
,"Jerusalem, Israel",86.32,40.36,64.78,74.46,101.01,79.55
,"Nassau, Bahamas",85.98,36.36,62.72,76.79,86.61,46.70
,"London, United Kingdom",85.62,76.51,81.35,64.08,89.41,88.79
,"Tokyo, Japan",85.61,42.71,65.50,94.94,52.26,88.58
,"Boston, MA, United States",85.47,78.26,82.09,85.40,90.86,115.72
,"Nice, France",84.60,36.10,61.87,83.37,87.59,64.22
,"Paris, France",84.35,48.79,67.68,83.65,81.64,80.20
,"Queens, NY, United States",84.02,69.36,77.15,79.19,83.16,105.72
,"Singapore, Singapore",83.98,66.43,75.75,77.08,61.17,91.34
,"Washington, DC, United States",83.74,73.47,78.93,83.86,82.36,121.83
,"Sydney, Australia",83.21,58.03,71.41,79.65,73.06,104.52
,"Luxembourg, Luxembourg",82.99,63.43,73.82,75.83,95.17,100.19
,"Espoo, Finland",82.46,35.95,60.66,74.46,100.73,90.30
,"Aalborg, Denmark",82.43,23.26,54.70,71.24,93.27,100.93
,"Pittsburgh, PA, United States",82.36,39.14,62.10,89.37,68.36,115.50
,"Darwin, Australia",82.06,35.04,60.02,83.70,83.45,109.44
,"Amsterdam, Netherlands",80.82,55.80,69.09,64.45,85.59,94.45
,"Jersey City, NJ, United States",80.79,63.00,72.45,81.67,73.28,155.89
,"Hong Kong, Hong Kong",80.71,74.57,77.83,84.72,58.58,65.74
,"Breda, Netherlands",80.64,32.34,58.00,67.22,85.84,84.30
,"Nanaimo, BC, Canada",80.26,34.06,58.60,87.20,67.48,57.49
,"Auckland, New Zealand",80.19,45.49,63.93,75.19,79.09,79.21
,"Haarlem, Netherlands",79.79,52.81,67.14,66.33,79.42,77.06
,"Utrecht, Netherlands",79.76,44.61,63.28,65.53,85.88,77.90
,"Brighton, United Kingdom",79.57,51.44,66.39,63.41,86.88,74.78
,"Brisbane, Australia",79.44,37.56,59.81,79.33,74.50,103.80
,"Philadelphia, PA, United States",79.19,49.57,65.31,81.67,71.07,115.61
,"Los Angeles, CA, United States",79.19,74.48,76.98,75.94,91.73,126.12
,"Minneapolis, MN, United States",79.08,47.05,64.07,79.07,78.57,114.68
,"Turku, Finland",79.06,23.62,53.07,71.16,89.30,96.82
,"Dublin, Ireland",79.05,62.39,71.24,63.64,83.31,81.82
,"Stockholm, Sweden",78.92,43.96,62.54,70.58,82.00,95.42
,"Birmingham, AL, United States",78.82,28.19,55.09,84.30,75.48,84.93
,"Seoul, South Korea",78.66,33.87,57.66,98.28,47.26,74.50
,"Eindhoven, Netherlands",78.24,37.74,59.26,64.14,78.09,86.92
,"Odense, Denmark",78.23,28.34,54.85,63.20,90.81,94.79
,"Miami, FL, United States",78.00,64.96,71.88,76.72,79.18,93.71
,"Groningen, Netherlands",77.94,27.96,54.51,65.77,77.83,78.31
,"Sacramento, CA, United States",77.88,50.55,65.07,80.84,70.23,101.43
,"Nijmegen, Netherlands",77.80,31.30,56.00,65.82,79.62,86.52
,"Munich, Germany",77.52,47.34,63.37,66.77,76.82,95.16
,"Galway, Ireland",77.44,39.80,59.80,67.73,77.69,71.94
,"St. John's, Newfoundland and Labrador, Canada",77.40,21.57,51.23,77.91,77.37,62.75
,"Innsbruck, Austria",77.32,30.14,55.20,66.32,79.87,68.01
,"Perth, Australia",77.29,33.08,56.57,76.45,72.08,110.04
,"Charleston, SC, United States",77.26,48.61,63.83,77.13,78.68,121.26
,"Asheville, NC, United States",77.25,45.36,62.30,85.59,71.12,94.16
,"Lyon, France",77.21,31.45,55.76,76.04,71.34,82.65
,"Leiden, Netherlands",77.20,37.29,58.49,66.23,76.16,77.18
,"Helsinki, Finland",77.17,38.32,58.96,69.70,83.74,83.51
,"Chicago, IL, United States",77.06,57.25,67.77,73.30,76.34,135.26
,"Fort Lauderdale, FL, United States",76.86,56.56,67.35,81.28,82.48,101.32
,"Portland, OR, United States",76.83,52.91,65.62,75.46,74.61,108.09
,"Melbourne, Australia",76.76,38.65,58.90,77.78,74.68,102.16
,"Osaka, Japan",76.71,29.13,54.41,82.24,44.42,81.58
,"Wellington, New Zealand",76.66,45.43,62.02,75.75,69.08,85.49
,"Victoria, Canada",76.65,44.90,61.77,80.26,79.11,89.12
,"Vancouver, Canada",76.61,56.47,67.17,79.84,74.29,87.68
,"Atlanta, GA, United States",76.60,48.58,63.47,78.00,70.94,130.67
,"Adelaide, Australia",76.59,32.79,56.06,78.09,67.72,104.24
,"Lund, Sweden",76.58,28.43,54.01,72.64,72.53,104.91
,"Toulouse, France",76.57,24.74,52.27,75.31,79.45,90.06
,"Guelph, Canada",76.36,38.13,58.44,77.93,82.35,79.64
,"Rotterdam, Netherlands",76.24,41.74,60.07,64.83,76.30,91.36
,"Saint Paul, MN, United States",76.17,43.96,61.07,73.40,77.55,106.63
,"Cork, Ireland",76.15,42.64,60.44,62.63,82.01,84.45
,"Guildford, United Kingdom",76.02,49.12,63.41,66.52,74.95,78.75
,"Plano, TX, United States",75.94,48.36,63.01,77.11,61.45,105.41
,"Canberra, Australia",75.94,42.50,60.26,76.81,79.07,105.11
,"Tampa, FL, United States",75.83,46.37,62.02,80.03,74.23,98.28
,"Gold Coast, Australia",75.80,39.95,58.99,73.38,73.80,101.22
,"Oxford, United Kingdom",75.68,49.17,63.25,65.90,75.45,104.03
,"Nagoya, Japan",75.62,57.61,67.18,82.53,40.27,57.39
,"Lincoln, United Kingdom",75.60,22.24,50.59,60.86,90.13,88.99
,"York, United Kingdom",75.52,34.08,56.10,62.37,80.71,73.46
,"San Diego, CA, United States",75.47,68.77,72.33,73.82,78.67,127.94
,"Cleveland, OH, United States",75.41,35.29,56.60,76.36,79.48,125.32
,"Omaha, NE, United States",75.31,30.21,54.17,72.55,80.25,106.03
,"Leuven, Belgium",75.27,28.60,53.39,64.58,85.80,83.59
,"Reading, United Kingdom",75.27,41.70,59.53,63.44,85.76,100.89
,"Hamilton, New Zealand",75.24,31.02,54.51,74.45,72.93,123.18
,"Denver, CO, United States",75.16,55.36,65.88,72.13,76.59,129.98
,"Uppsala, Sweden",75.08,27.80,52.92,68.03,76.36,83.94
,"Newcastle, Australia",74.99,37.63,57.48,74.17,79.49,118.92
,"Halifax, Canada",74.91,34.04,55.75,82.91,65.22,87.92
,"Milan, Italy",74.80,44.61,60.65,62.83,80.37,53.96
,"Sliema, Malta",74.78,31.54,54.51,68.77,82.09,47.96
,"Graz, Austria",74.59,22.54,50.19,70.69,62.68,79.03
,"Brussels, Belgium",74.39,33.35,55.15,64.69,77.00,87.04
,"Buffalo, NY, United States",74.29,29.56,53.32,72.40,73.62,124.36
,"Toronto, Canada",74.29,51.78,63.74,69.91,74.36,101.29
,"Colorado Springs, CO, United States",74.26,41.51,58.91,74.40,72.77,137.64
,"Fremont, CA, United States",74.12,74.93,74.50,75.40,71.00,157.35
,"Limerick, Ireland",74.11,40.25,58.24,61.06,77.49,96.50
,"Salem, OR, United States",73.98,35.81,56.09,78.63,63.10,89.20
,"The Hague (Den Haag), Netherlands",73.94,41.27,58.63,64.74,76.42,88.51
,"Hobart, Australia",73.93,37.44,56.83,71.28,73.19,101.63
,"Christchurch, New Zealand",73.85,32.58,54.51,72.38,70.90,90.20
,"Malmo, Sweden",73.75,26.67,51.68,67.50,79.03,84.86
,"San Jose, CA, United States",73.71,82.30,77.74,70.53,74.25,157.39
,"Nashville, TN, United States",73.62,53.50,64.19,73.46,74.00,111.46
,"Enschede, Netherlands",73.61,28.67,52.54,66.31,76.96,93.83
,"Olympia, WA, United States",73.58,37.93,56.87,77.67,81.13,108.83
,"Maastricht, Netherlands",73.56,36.64,56.26,65.97,72.83,86.50
,"Baltimore, MD, United States",73.56,41.68,58.61,74.65,73.38,136.13
,"New Orleans, LA, United States",73.55,43.45,59.44,69.49,76.72,92.88
,"Linz, Austria",73.55,26.48,51.49,67.58,75.39,78.35
,"Calgary, Canada",73.40,34.08,54.97,70.06,72.09,114.16
,"Edinburgh, United Kingdom",73.15,37.38,56.38,59.68,84.71,88.03
,"Ottawa, Canada",73.15,39.86,57.54,70.80,73.74,94.30
,"Milton Keynes, United Kingdom",73.14,37.65,56.50,60.60,73.63,73.92
,"Manchester, United Kingdom",73.14,34.94,55.23,60.14,87.50,91.33
,"Mississauga, Canada",73.12,47.77,61.24,67.93,65.27,99.70
,"Cambridge, United Kingdom",73.05,46.16,60.44,60.40,83.11,92.85
,"Gothenburg, Sweden",72.97,31.35,53.46,65.03,77.34,101.17
,"Edmonton, Canada",72.86,29.03,52.32,68.20,73.73,109.54
,"Parma, Italy",72.81,21.70,48.85,60.10,77.72,60.66
,"Genoa, Italy",72.79,19.72,47.91,69.58,71.05,51.57
,"Frankfurt, Germany",72.78,39.15,57.02,58.44,66.41,106.89
,"Fort Collins, CO, United States",72.75,43.09,58.84,83.18,56.71,100.34
,"Grenoble, France",72.67,21.40,48.64,72.16,66.83,81.58
,"Bergamo, Italy",72.64,23.27,49.50,65.21,73.57,63.32
,"Derby, United Kingdom",72.57,21.68,48.71,58.01,80.36,119.81
,"Iowa City, IA, United States",72.54,31.69,53.39,78.24,62.48,85.03
,"Delft, Netherlands",72.54,30.43,52.80,65.99,63.12,91.65
,"Syracuse, NY, United States",72.53,31.30,53.20,79.21,65.02,78.44
,"Everett, WA, United States",72.38,45.16,59.62,72.08,81.87,101.79
,"Saskatoon, Canada",72.27,27.99,51.51,68.37,69.98,88.18
,"Heidelberg, Germany",72.14,32.91,53.75,52.74,77.41,102.21
,"Markham, Canada",72.10,45.74,59.74,65.21,77.13,108.69
,"Hamburg, Germany",72.01,36.75,55.48,57.23,68.12,101.10
,"Red Deer, Canada",71.73,22.46,48.64,70.32,65.19,123.94
,"Surrey, Canada",71.67,40.84,57.22,71.55,72.28,98.13
,"Trieste, Italy",71.65,18.08,46.54,64.55,73.07,63.01
,"Rochester, NY, United States",71.57,29.13,51.68,71.98,69.13,100.12
,"Milwaukee, WI, United States",71.56,39.74,56.65,73.60,68.60,109.19
,"Albany, NY, United States",71.49,34.70,54.24,69.53,78.98,129.75
,"Liverpool, United Kingdom",71.39,26.18,50.19,56.40,86.70,90.09
,"Nottingham, United Kingdom",71.34,26.73,50.43,65.70,70.68,91.62
,"Antwerp, Belgium",71.33,25.80,49.99,61.55,76.00,90.25
,"Bristol, United Kingdom",71.32,40.45,56.85,56.75,83.16,84.81
,"Tampere, Finland",71.19,25.36,49.71,61.78,84.07,91.43
,"Portsmouth, United Kingdom",71.16,30.52,52.11,62.31,78.14,85.02
,"Bonn, Germany",71.08,30.96,52.27,53.92,73.85,95.72
,"Marseille, France",71.05,23.86,48.93,72.68,64.74,95.31
,"Rome, Italy",71.00,37.19,55.15,62.72,70.26,51.33
,"Tauranga, New Zealand",70.87,26.04,49.86,73.26,67.88,84.35
,"Florence, Italy",70.81,27.63,50.57,65.22,73.13,53.36
,"Plymouth, United Kingdom",70.70,24.61,49.10,58.00,73.68,84.01
,"Detroit, MI, United States",70.68,36.65,54.73,68.34,67.09,110.05
,"Reno, NV, United States",70.67,46.95,59.55,71.66,71.09,96.91
,"Oulu, Finland",70.62,20.64,47.19,66.72,69.74,101.06
,"Montreal, Canada",70.60,31.20,52.13,73.62,68.41,89.93
,"Salzburg, Austria",70.53,32.15,52.54,66.99,68.46,77.81
,"London, Canada",70.49,36.54,54.57,64.74,79.20,100.36
,"Brampton, Canada",70.44,39.17,55.78,69.11,60.26,103.49
,"Fort Worth, TX, United States",70.42,40.41,56.35,70.10,66.32,112.62
,"Durham, NC, United States",70.37,42.09,57.11,80.32,66.25,104.76
,"Winnipeg, Canada",70.33,27.37,50.19,70.13,62.04,101.59
,"Ann Arbor, MI, United States",70.28,47.97,59.82,74.16,63.62,159.99
,"Greensboro, NC, United States",70.27,37.64,54.98,72.21,70.22,92.73
,"San Juan, Puerto Rico",70.14,32.29,52.40,74.76,58.11,66.70
,"Charlotte, NC, United States",70.06,51.42,61.32,69.24,67.63,144.88
,"Norwich, United Kingdom",70.06,26.85,49.81,62.40,73.92,79.66
,"Gent, Belgium",69.97,27.30,49.97,60.18,76.78,77.40
,"Exeter, United Kingdom",69.90,31.96,52.11,54.86,74.18,93.92
,"Dortmund, Germany",69.89,21.15,47.04,56.17,60.72,105.62
,"Long Beach, CA, United States",69.87,57.14,63.90,73.73,74.39,110.03
,"Bologna, Italy",69.79,26.48,49.49,61.83,74.24,58.89
,"North Vancouver, Canada",69.79,55.44,63.07,70.45,70.77,110.05
,"Kelowna, Canada",69.73,41.68,56.58,64.84,71.84,77.45
,"Columbus, OH, United States",69.70,37.02,54.38,67.90,68.94,151.29
,"Brescia, Italy",69.64,18.56,45.70,63.15,69.04,69.10
,"Eugene, OR, United States",69.64,37.71,54.67,78.13,67.36,88.21
,"Macao, Macao",69.61,41.06,56.23,72.72,51.65,67.31
,"Cologne, Germany",69.59,31.03,51.51,56.46,64.70,89.10
,"Jacksonville, FL, United States",69.51,35.37,53.51,74.58,70.42,144.30
,"Regina, Canada",69.44,26.68,49.40,70.31,66.08,104.02
,"Phoenix, AZ, United States",69.37,43.85,57.40,66.78,71.42,135.94
,"Des Moines, IA, United States",69.33,30.03,50.91,72.40,65.94,108.35
,"Quebec City, Canada",68.99,21.46,46.71,69.42,65.08,87.22
,"Fresno, CA, United States",68.97,34.02,52.59,64.72,72.91,116.40
,"Berlin, Germany",68.94,38.59,54.71,56.41,61.05,105.86
,"Cardiff, United Kingdom",68.91,29.64,50.51,56.87,76.53,106.17
,"Windsor, Canada",68.88,31.13,51.19,64.56,71.92,58.02
,"Glasgow, United Kingdom",68.76,28.82,50.04,55.63,77.95,96.42
,"Kitchener, Canada",68.70,35.83,53.29,67.31,70.72,73.85
,"Vancouver, WA, United States",68.57,43.47,56.80,64.68,69.82,126.09
,"Kingston, Canada",68.57,33.00,51.90,68.42,65.40,75.42
,"Augsburg, Germany",68.51,25.89,48.53,55.01,66.96,79.93
,"Stuttgart, Germany",68.38,35.27,52.86,55.50,71.32,109.02
,"Vienna, Austria",68.36,34.66,52.56,61.71,66.93,79.56
,"Mannheim, Germany",68.35,22.77,46.98,51.32,65.40,95.07
,"Las Vegas, NV, United States",68.34,38.21,54.22,61.14,73.39,124.83
,"Boise, ID, United States",68.29,43.29,56.57,60.93,81.52,82.63
,"Dusseldorf, Germany",68.28,32.44,51.48,52.64,68.80,109.99
,"Raleigh, NC, United States",68.20,41.39,55.63,70.36,69.44,144.12
,"Pisa, Italy",68.17,22.37,46.70,66.10,66.85,52.10
,"Spokane, WA, United States",68.11,35.09,52.63,64.88,70.34,112.36
,"Orlando, FL, United States",68.10,45.87,57.68,66.70,69.78,123.32
,"Dayton, OH, United States",68.03,27.92,49.23,66.09,59.01,79.21
,"Verona, Italy",67.98,21.34,46.11,62.32,68.68,63.11
,"Dallas, TX, United States",67.85,50.17,59.56,63.61,71.74,170.66
,"Richmond, VA, United States",67.75,37.52,53.58,65.07,77.50,130.94
,"Louisville, KY, United States",67.71,32.24,51.09,70.16,69.26,109.65
,"Southampton, United Kingdom",67.59,32.40,51.09,55.69,69.59,98.44
,"Leeds, United Kingdom",67.57,30.47,50.18,56.17,75.71,88.49
,"Treviso, Italy",67.54,21.03,45.74,60.07,72.34,61.95
,"Madison, WI, United States",67.32,38.75,53.93,66.91,72.34,132.13
,"Birmingham, United Kingdom",67.25,33.10,51.24,55.36,68.91,81.78
,"Indianapolis, IN, United States",67.14,36.12,52.60,67.62,67.64,121.53
,"Hanover, Germany",67.04,27.03,48.29,55.62,60.74,95.57
,"Nuremberg, Germany",66.97,25.40,47.49,55.63,60.21,115.65
,"Hamilton, Canada",66.95,35.98,52.43,67.04,66.75,86.35
,"Coventry, United Kingdom",66.94,28.91,49.11,58.06,63.75,108.70
,"Newcastle upon Tyne, United Kingdom",66.86,25.72,47.57,56.08,71.13,97.66
,"Saint Louis, MO, United States",66.83,32.58,50.78,67.03,66.47,123.20
,"Ulm, Germany",66.67,28.74,48.89,50.43,68.61,107.39
,"Stoke-on-Trent, United Kingdom",66.58,17.51,43.58,52.76,73.80,97.94
,"Austin, TX, United States",66.50,57.68,62.36,67.33,73.74,158.21
,"Dundee, United Kingdom",66.46,23.27,46.22,56.19,73.50,82.43
,"Saarbrucken, Germany",66.30,22.43,45.73,50.44,73.24,85.40
,"Kansas City, MO, United States",66.07,33.50,50.80,60.66,75.16,127.20
,"Cagliari, Italy",66.06,18.51,43.77,58.20,67.44,57.68
,"Karlsruhe, Germany",65.88,27.80,48.03,51.61,66.17,103.03
,"Sheffield, United Kingdom",65.88,26.92,47.62,57.43,63.83,89.07
,"Taipei, Taiwan",65.80,24.64,46.50,80.24,34.24,59.33
,"Belfast, United Kingdom",65.74,26.12,47.17,57.73,74.02,91.62
,"Chattanooga, TN, United States",65.69,37.25,52.36,69.00,60.43,91.70
,"Darmstadt, Germany",65.48,27.73,47.78,52.99,60.54,108.54
,"Limassol, Cyprus",65.26,29.86,48.66,53.36,72.33,55.84
,"Turin, Italy",65.19,22.02,44.95,59.26,64.02,67.23
,"St.Catharines, Canada",65.18,32.67,49.94,63.59,56.27,71.18
,"Best, Netherlands",65.13,28.11,47.78,59.33,66.34,97.21
,"Toledo, OH, United States",64.99,22.91,45.26,64.78,63.45,90.45
,"Salt Lake City, UT, United States",64.95,42.34,54.35,61.40,65.68,140.61
,"Oklahoma City, OK, United States",64.94,31.83,49.42,69.97,57.78,127.95
,"Padova, Italy",64.93,22.03,44.82,52.16,69.96,66.62
,"Leicester, United Kingdom",64.91,24.93,46.17,52.47,72.19,92.59
,"Freiburg im Breisgau, Germany",64.65,35.49,50.98,50.02,62.73,94.46
,"Erlangen, Germany",64.54,24.83,45.93,49.25,67.89,131.75
,"Nicosia, Cyprus",64.53,19.34,43.35,52.57,65.96,60.28
,"Cincinnati, OH, United States",64.39,39.74,52.83,64.25,63.76,125.17
,"Tucson, AZ, United States",64.34,27.66,47.15,61.91,65.88,83.69
,"Dubai, United Arab Emirates",64.32,44.08,54.83,48.24,70.70,101.11
,"Houston, TX, United States",63.94,43.38,54.30,61.26,67.45,172.98
,"Bilbao, Spain",63.81,26.88,46.50,57.84,61.97,65.48
,"Bournemouth, United Kingdom",63.73,32.77,49.21,48.72,68.90,76.52
,"Mesa, AZ, United States",63.66,32.99,49.28,63.20,72.07,103.42
,"Essen, Germany",63.61,20.98,43.63,47.32,65.81,81.89
,"Albuquerque, NM, United States",63.44,33.91,49.60,64.60,64.07,122.44
,"Aberdeen, United Kingdom",63.40,23.06,44.49,47.87,77.47,102.02
,"Lexington, KY, United States",62.92,29.27,47.15,69.21,55.65,102.40
,"Doha, Qatar",62.90,49.19,56.48,55.14,63.00,89.93
,"Leipzig, Germany",62.83,23.29,44.30,47.91,55.86,79.80
,"San Antonio, TX, United States",62.59,38.27,51.19,57.25,69.45,137.67
,"Bari, Italy",62.59,18.14,41.75,53.28,65.58,64.98
,"Dresden, Germany",62.46,21.21,43.12,47.74,58.64,109.14
,"Tulsa, OK, United States",62.35,28.92,46.68,58.89,60.48,132.05
,"Naples, Italy",62.35,21.37,43.14,53.19,59.26,56.20
,"Memphis, TN, United States",62.29,34.91,49.45,58.08,69.54,109.95
,"Bremen, Germany",62.24,23.82,44.23,48.69,61.63,77.06
,"Akron, OH, United States",62.20,22.90,43.78,63.55,55.56,102.89
,"Kingston upon Hull, United Kingdom",62.07,21.79,43.19,52.73,63.89,86.57
,"Aachen, Germany",61.81,21.74,43.03,49.49,57.99,116.48
,"Kaohsiung, Taiwan",61.40,15.91,40.08,75.57,28.88,55.49
,"Regensburg, Germany",61.36,27.54,45.51,47.29,61.66,103.28
,"Barcelona, Spain",61.15,30.60,46.83,49.39,61.89,70.83
,"Little Rock, AR, United States",59.26,25.60,43.48,57.28,64.63,131.07
,"Port of Spain, Trinidad And Tobago",59.20,19.23,40.46,51.98,73.56,40.68
,"Madrid, Spain",59.01,31.95,46.32,49.14,62.31,74.83
,"Palma de Mallorca, Spain",58.97,28.92,44.88,48.41,61.53,63.24
,"Athens, Greece",58.97,17.92,39.73,46.99,60.78,40.03
,"Wichita, KS, United States",58.92,24.26,42.67,53.08,57.42,119.24
,"Patras, Greece",58.74,10.18,35.98,43.05,43.70,37.37
,"Thessaloniki, Greece",58.40,13.60,37.40,43.85,55.28,37.91
,"Palermo, Italy",57.97,14.72,37.70,49.50,52.07,58.89
,"Abu Dhabi, United Arab Emirates",57.89,91.80,73.79,49.79,58.49,75.22
,"Larnaca, Cyprus",57.38,19.76,39.74,47.83,55.84,55.32
,"Catania, Italy",57.35,17.53,38.68,44.63,61.39,54.62
,"Male, Maldives",57.26,29.87,44.42,56.24,33.01,28.52
,"Ljubljana, Slovenia",57.18,23.50,41.40,49.44,52.01,60.19
,"Heraklion, Greece",57.08,15.25,37.47,47.25,44.72,36.04
,"El Paso, TX, United States",55.92,23.17,40.56,54.45,48.18,118.77
,"Havana, Cuba",55.91,17.20,37.77,45.92,40.14,1.62
,"Tallinn, Estonia",55.75,19.24,38.63,42.71,58.55,64.89
,"Zaragoza (Saragossa), Spain",54.80,18.03,37.56,48.83,54.80,69.32
,"Panama City, Panama",54.54,26.23,41.27,55.82,47.98,32.31
,"Manama, Bahrain",54.30,28.18,42.06,42.90,50.30,62.59
,"Shanghai, China",53.90,44.47,49.48,57.06,42.55,53.00
,"Riyadh, Saudi Arabia",53.85,16.29,36.24,43.62,43.19,92.73
,"Tartu, Estonia",53.79,15.16,35.68,45.81,54.85,60.53
,"Vigo, Spain",53.43,17.42,36.55,43.92,55.09,74.98
,"Seville (Sevilla), Spain",53.28,20.95,38.13,49.60,47.29,71.04
,"Valencia, Spain",52.97,22.45,38.67,45.34,55.18,70.04
,"Paphos, Cyprus",52.86,16.35,35.74,43.42,52.53,61.21
,"Makati, Philippines",52.72,28.60,41.41,57.92,29.33,20.57
,"Ajman, United Arab Emirates",52.58,27.92,41.02,38.45,59.57,48.26
,"Jeddah (Jiddah), Saudi Arabia",52.57,11.10,33.13,43.47,36.65,76.08
,"Malaga, Spain",52.52,26.10,40.14,44.09,51.62,65.84
,"Amman, Jordan",52.18,10.63,32.70,41.65,48.02,29.51
,"Granada, Spain",52.03,16.04,35.16,44.53,46.02,81.61
,"Montevideo, Uruguay",52.00,15.11,34.71,43.85,47.54,30.79
,"Prague, Czech Republic",51.78,26.02,39.70,45.19,42.51,71.96
,"Murcia, Spain",51.73,16.05,35.01,44.19,51.54,78.54
,"Lisbon, Portugal",51.70,31.39,42.18,40.29,50.65,48.26
,"Maribor, Slovenia",51.64,14.31,34.14,44.32,43.38,68.02
,"Split, Croatia",51.59,15.72,34.78,44.75,46.61,42.48
,"Kingston, Jamaica",51.57,18.43,36.04,53.78,38.03,26.11
,"Riga, Latvia",51.54,14.75,34.29,38.97,50.95,52.82
,"Alicante, Spain",51.47,19.85,36.65,43.08,52.15,79.93
,"Muscat, Oman",51.24,18.54,35.91,47.14,48.50,86.53
,"Shenzhen, China",51.08,28.06,40.29,57.71,34.42,68.96
,"Santa Cruz de Tenerife, Spain",50.92,19.62,36.25,43.04,52.25,63.82
,"Dakar, Senegal",50.87,23.33,37.96,42.88,46.64,23.14
,"Cascais, Portugal",50.86,38.41,45.03,38.25,55.25,41.22
,"Las Palmas de Gran Canaria, Spain",50.52,23.41,37.81,45.62,47.89,56.70
,"Addis Ababa, Ethiopia",50.49,17.44,35.00,36.77,21.45,9.83
,"Bangkok, Thailand",50.36,26.45,39.15,50.20,25.83,29.77
,"Rijeka, Croatia",50.14,12.26,32.38,44.30,46.92,43.59
,"Phnom Penh, Cambodia",50.10,18.84,35.44,54.48,23.19,14.80
,"Zagreb, Croatia",49.88,17.10,34.51,42.03,40.36,55.08
,"Beijing, China",49.53,39.16,44.67,47.40,39.45,53.08
,"Bratislava, Slovakia",49.44,23.04,37.06,41.99,44.73,62.63
,"Porto, Portugal",49.37,23.62,37.30,40.25,42.42,44.87
,"Brno, Czech Republic",49.29,20.98,36.02,42.93,39.20,65.14
,"Hangzhou, China",49.21,20.44,35.73,58.00,33.46,64.95
,"Paramaribo, Suriname",49.19,10.10,30.87,48.25,61.28,16.38
,"Funchal, Portugal",49.16,20.61,35.78,38.93,40.06,46.47
,"Sharjah, United Arab Emirates",49.03,54.01,51.36,41.01,36.79,56.71
,"Ad Dammam, Saudi Arabia",48.45,12.66,31.67,42.97,34.27,93.58
,"Olomouc, Czech Republic",48.21,14.98,32.63,44.03,33.18,61.30
,"Kosice, Slovakia",48.19,17.39,33.75,39.27,44.47,51.15
,"Kuwait City, Kuwait",48.00,31.21,40.13,35.81,47.20,68.84
,"San Jose, Costa Rica",47.65,17.47,33.51,46.14,43.16,42.86
,"Coimbra, Portugal",47.35,15.51,32.43,39.88,38.17,53.04
,"Abidjan, Ivory Coast",47.06,19.73,34.25,40.32,32.22,6.27
,"Braga, Portugal",46.99,19.10,33.92,39.26,39.03,46.28
,"Vilnius, Lithuania",46.94,19.22,33.95,36.84,48.79,62.14
,"Ostrava, Czech Republic",46.47,13.56,31.04,41.28,33.71,65.17
,"Aveiro, Portugal",46.46,17.99,33.11,39.33,37.07,43.88
,"Budapest, Hungary",46.13,16.01,32.01,39.18,41.98,52.66
,"Suzhou, China",45.94,16.81,32.28,51.00,38.07,58.75
,"Harare, Zimbabwe",45.69,9.56,28.75,37.05,39.05,17.59
,"Leiria, Portugal",45.67,15.46,31.51,36.37,45.81,49.68
,"Santiago, Chile",45.64,15.30,31.42,40.12,47.92,32.08
,"San Salvador, El Salvador",45.32,14.02,30.65,44.47,37.11,21.83
,"Caracas, Venezuela",45.31,12.08,29.73,37.60,48.60,15.87
,"Johannesburg, South Africa",44.87,15.89,31.28,35.54,41.17,72.15
,"Kaunas, Lithuania",44.74,13.22,29.97,36.18,45.77,64.93
,"Santo Domingo, Dominican Republic",44.66,10.69,28.74,41.48,35.56,22.21
,"Guatemala City, Guatemala",44.59,16.09,31.23,42.19,33.71,24.37
,"Phuket, Thailand",44.34,16.39,31.24,46.43,28.95,27.28
,"Warsaw, Poland",43.94,20.55,32.98,33.93,42.14,66.04
,"Chengdu, China",43.81,12.87,29.31,50.73,27.40,56.04
,"Osijek, Croatia",43.61,9.63,27.68,37.23,35.41,56.42
,"Quezon City, Philippines",43.26,11.00,28.14,43.83,22.80,19.69
,"Gdynia, Poland",42.92,15.33,29.98,34.59,38.35,50.58
,"Bali, Indonesia",42.87,16.31,30.42,46.21,23.86,14.10
,"Pretoria, South Africa",42.76,14.21,29.38,35.05,36.46,87.26
,"Gaborone, Botswana",42.70,11.81,28.22,35.71,52.25,51.40
,"Nanjing, China",42.29,15.91,29.93,43.25,28.47,72.85
,"Sofia, Bulgaria",42.24,14.58,29.27,36.68,38.75,55.31
,"Chiang Mai, Thailand",42.22,12.69,28.37,46.46,21.60,29.88
,"Moscow, Russia",42.20,28.04,35.56,33.38,44.85,49.56
,"Pattaya, Thailand",42.13,13.98,28.93,42.79,26.50,23.25
,"Gdansk, Poland",41.32,17.95,30.37,35.00,35.02,64.36
,"Krakow (Cracow), Poland",41.30,17.76,30.26,33.13,37.80,67.10
,"Wroclaw, Poland",41.12,17.52,30.06,33.90,35.12,59.89
,"Guangzhou, China",41.11,21.43,31.88,43.52,27.08,70.13
,"Cape Town, South Africa",40.98,22.64,32.38,34.81,41.41,75.83
,"Jakarta, Indonesia",40.86,16.46,29.42,41.78,23.44,25.32
,"Pecs, Hungary",40.83,12.15,27.39,37.71,33.36,47.23
,"Manila, Philippines",40.77,25.18,33.46,39.85,25.18,22.24
,"Poznan, Poland",40.72,14.92,28.63,33.89,35.71,58.32
,"Quito, Ecuador",40.48,12.62,27.42,38.00,31.34,29.69
,"Durban, South Africa",40.33,14.69,28.31,33.58,37.72,73.88
,"Katowice, Poland",40.26,14.14,28.02,34.41,33.37,64.03
,"Cluj-Napoca, Romania",40.16,14.75,28.25,35.43,36.57,53.12
,"Bucharest, Romania",40.10,14.84,28.26,33.50,39.45,53.15
,"Szeged, Hungary",40.08,10.23,26.09,35.43,32.33,49.50
,"Belgrade, Serbia",40.05,13.88,27.78,30.10,34.51,36.05
,"Debrecen, Hungary",40.03,10.81,26.33,37.04,30.39,49.86
,"Petaling Jaya, Malaysia",39.98,13.89,27.75,44.89,22.83,60.88
,"Marrakech, Morocco",39.94,12.28,26.97,32.34,33.70,29.96
,"Podgorica, Montenegro",39.34,11.54,26.31,32.87,30.69,35.98
,"Szczecin, Poland",39.31,15.38,28.10,33.75,32.29,51.05
,"Kota Kinabalu, Malaysia",39.25,9.87,25.48,47.29,20.16,39.43
,"Kuala Lumpur, Malaysia",39.25,14.13,27.47,41.08,24.67,64.04
,"Varna, Bulgaria",39.14,8.32,24.70,34.27,36.27,46.29
,"Suva, Fiji",39.04,18.80,29.55,39.43,35.29,44.68
,"Cebu, Philippines",39.04,13.14,26.90,44.17,21.33,17.64
,"Ho Chi Minh City, Vietnam",39.01,17.85,29.09,39.91,21.57,30.87
,"Cancun, Mexico",38.85,15.34,27.83,35.22,41.42,38.24
,"Accra, Ghana",38.74,20.04,29.97,41.01,32.77,21.12
,"Tirana, Albania",38.68,11.33,25.86,30.99,29.86,31.15
,"Guayaquil, Ecuador",38.57,11.65,25.95,34.01,29.39,31.41
,"Monterrey, Mexico",38.46,15.34,27.62,37.47,36.54,42.98
,"Plovdiv, Bulgaria",38.42,9.44,24.84,34.50,31.14,45.56
,"Sarajevo, Bosnia And Herzegovina",38.42,9.27,24.76,32.34,27.81,43.73
,"Lublin, Poland",38.04,13.89,26.72,30.29,31.12,60.20
,"Erbil (Irbil), Iraq",38.03,12.56,26.09,32.56,32.77,39.88
,"Santa Cruz, Bolivia",38.01,11.60,25.63,33.02,30.64,32.91
,"Isfahan (Esfahan), Iran",37.98,17.23,28.25,24.37,18.47,22.77
,"Lodz, Poland",37.94,13.94,26.69,31.45,30.20,57.76
,"Saint Petersburg, Russia",37.81,17.14,28.12,32.33,36.46,40.77
,"Banja Luka, Bosnia And Herzegovina",37.61,7.92,23.69,32.60,27.12,38.29
,"Penang, Malaysia",37.61,9.31,24.34,39.60,21.49,65.85
,"La Paz, Bolivia",37.53,10.87,25.03,33.15,27.83,34.57
,"Sao Paulo, Brazil",37.51,14.49,26.72,32.13,31.55,29.23
,"Novi Sad, Serbia",37.44,10.32,24.73,29.45,29.78,42.73
,"Mexico City, Mexico",37.41,20.93,29.68,35.45,37.82,36.74
,"Lagos, Nigeria",37.33,61.89,48.84,39.28,29.59,8.30
,"Constanta, Romania",37.26,11.24,25.06,30.69,37.25,45.40
,"Iasi, Romania",37.13,11.03,24.90,31.26,33.64,44.06
,"Hanoi, Vietnam",36.85,12.21,25.30,38.66,19.21,30.67
,"Tangier, Morocco",36.85,10.25,24.38,34.34,26.53,33.16
,"Brasilia, Brazil",36.84,11.08,24.77,29.88,31.75,43.54
,"Burgas, Bulgaria",36.82,8.09,23.35,32.30,34.44,42.39
,"Baguio, Philippines",36.74,9.45,23.95,31.62,17.87,18.71
,"Rio de Janeiro, Brazil",36.67,11.51,24.88,31.46,29.14,18.93
,"Brasov, Romania",36.63,12.18,25.17,33.97,30.98,44.65
,"Casablanca, Morocco",36.59,13.49,25.76,31.70,26.04,34.07
,"Damascus, Syria",36.38,8.96,23.53,37.61,28.65,5.03
,"Sibiu, Romania",36.19,9.57,23.71,32.76,33.80,48.27
,"Timisoara, Romania",36.16,11.23,24.47,32.16,32.52,54.26
,"Kampala, Uganda",35.98,11.50,24.50,32.50,26.61,9.83
,"Nairobi, Kenya",35.88,13.57,25.42,32.25,30.62,29.23
,"Merida, Mexico",35.70,11.58,24.40,35.71,36.46,33.50
,"Rabat, Morocco",35.67,14.37,25.68,31.64,29.41,34.67
,"Qingdao, Shandong, China",35.48,13.02,24.95,38.36,24.27,74.04
,"Queretaro, Mexico",35.40,11.31,24.11,37.11,30.27,51.02
,"Bandung, Indonesia",35.39,7.21,22.18,37.61,15.98,21.84
,"Oradea, Romania",35.35,7.91,22.49,32.09,28.48,49.45
,"Buenos Aires, Argentina",35.25,10.73,23.75,28.54,34.35,26.89
,"Dhaka, Bangladesh",35.12,6.21,21.57,31.49,24.41,23.81
,"Skopje, North Macedonia",34.90,8.07,22.32,28.77,25.67,37.02
,"Ulaanbaatar, Mongolia",34.86,11.11,23.73,36.15,23.35,25.02
,"Craiova, Romania",34.85,8.59,22.54,31.58,27.98,52.91
,"Agadir, Morocco",34.81,7.13,21.84,30.66,33.57,31.37
,"Baghdad, Iraq",34.81,12.34,24.28,30.46,26.09,39.03
,"Surabaya, Indonesia",34.65,10.31,23.24,37.39,17.58,23.63
,"Lima, Peru",34.60,14.52,25.18,33.18,25.45,28.89
,"Arad, Romania",34.49,6.28,21.27,32.69,24.98,50.96
,"Florianopolis, Brazil",34.39,9.68,22.81,27.66,30.26,29.31
,"Cuenca, Ecuador",34.21,12.05,23.82,32.87,23.99,30.84
,"Kiev (Kyiv), Ukraine",34.11,18.04,26.58,28.93,30.73,48.16
,"Gurgaon, India",34.10,9.80,22.71,34.07,31.55,74.90
,"Guadalajara, Mexico",34.05,16.78,25.96,34.10,31.66,35.99
,"Kazan, Russia",34.02,12.90,24.12,29.65,32.69,33.45
,"Yerevan, Armenia",34.01,11.89,23.64,27.81,31.01,29.73
,"Dar es Salaam, Tanzania",33.97,16.59,25.82,31.15,22.16,13.54
,"Nizhny Novgorod, Russia",33.89,9.92,22.65,27.35,35.03,34.95
,"Colombo, Sri Lanka",33.62,13.86,24.36,39.57,19.92,18.58
,"Lusaka, Zambia",33.57,10.18,22.60,32.85,23.63,37.48
,"Nis, Serbia",33.40,7.26,21.15,26.46,24.98,40.38
,"Yekaterinburg, Russia",33.23,10.91,22.77,29.47,27.76,57.77
,"Minsk, Belarus",32.79,12.07,23.08,28.51,33.48,31.15
,"Krasnodar, Russia",32.65,9.79,21.94,28.05,33.82,36.59
,"Mashhad, Iran",32.54,18.69,26.05,26.44,25.95,22.68
,"Belo Horizonte, Brazil",32.50,7.89,20.97,25.09,21.89,20.99
,"Cairo, Egypt",32.39,7.41,20.68,28.71,28.52,24.38
,"Porto Alegre, Brazil",32.33,8.88,21.34,30.16,24.97,31.24
,"Kigali, Rwanda",32.27,16.04,24.66,27.99,29.84,26.37
,"Novosibirsk, Russia",32.26,9.98,21.81,28.73,31.27,38.35
,"Rostov-na-donu, Russia",32.10,8.69,21.13,26.56,30.09,36.94
,"Odessa (Odesa), Ukraine",31.94,10.74,22.01,26.48,30.19,32.72
,"Chisinau, Moldova",31.82,10.41,21.78,25.52,26.56,34.38
,"Curitiba, Brazil",31.81,7.62,20.47,27.20,25.31,32.28
,"Baku, Azerbaijan",31.60,9.46,21.23,27.73,29.83,28.03
,"Tehran, Iran",31.47,22.80,27.41,21.75,25.88,14.55
,"Istanbul, Turkey",31.14,9.97,21.22,23.77,21.01,28.73
,"Tbilisi, Georgia",30.95,10.25,21.25,26.67,29.06,29.47
,"Yogyakarta, Indonesia",30.80,9.77,20.94,36.08,13.91,12.16
,"Asuncion, Paraguay",30.62,10.31,21.10,25.52,24.90,27.38
,"Kharkiv, Ukraine",30.46,11.60,21.62,26.14,24.61,33.98
,"Astana (Nur-Sultan), Kazakhstan",30.30,10.05,20.81,25.99,30.31,41.00
,"Chandigarh, India",30.27,6.26,19.02,31.11,24.36,46.47
,"Almaty, Kazakhstan",30.22,11.95,21.65,26.98,28.64,33.55
,"Tunis, Tunisia",29.94,6.45,18.93,28.83,17.08,24.20
,"Kathmandu, Nepal",29.87,4.78,18.11,28.05,22.61,23.16
,"Algiers, Algeria",29.84,6.67,18.98,30.25,20.79,21.78
,"Lviv, Ukraine",29.67,10.53,20.70,26.62,24.35,38.30
,"Tashkent, Uzbekistan",29.36,10.66,20.59,28.76,27.02,22.63
,"Mumbai, India",29.33,19.72,24.82,29.73,25.17,48.03
,"Dnipro, Ukraine",29.26,10.49,20.46,24.57,23.66,32.74
,"Noida, India",29.21,6.37,18.50,29.25,24.46,62.57
,"Medellin, Colombia",28.81,9.47,19.74,25.65,22.53,32.78
,"Alexandria, Egypt",28.43,6.64,18.22,27.33,22.78,20.28
,"Barranquilla, Colombia",28.42,7.77,18.74,25.66,18.16,27.03
,"Navi Mumbai, India",28.38,10.90,20.19,31.59,23.14,78.67
,"Izmir, Turkey",28.37,6.39,18.06,23.44,18.66,35.18
,"Delhi, India",28.23,8.46,18.96,27.75,24.45,60.44
,"Bangalore, India",28.20,8.59,19.01,31.14,20.04,102.64
,"Bogota, Colombia",27.94,11.61,20.29,24.33,21.98,26.10
,"Goa, India",27.72,8.47,18.70,28.44,24.88,36.29
,"Pune, India",27.57,7.12,17.98,28.86,22.75,53.68
,"Ghaziabad, India",27.55,5.26,17.10,28.37,19.88,54.56
,"Thane, India",27.53,8.26,18.50,30.55,23.84,66.14
,"Ranchi, India",27.33,4.18,16.48,30.58,21.19,38.61
,"Ankara, Turkey",27.17,6.31,17.39,21.43,17.97,39.07
,"Hyderabad, India",26.61,6.47,17.17,29.69,18.17,51.21
,"Faridabad, India",26.56,5.40,16.64,27.34,20.03,51.07
,"Bishkek, Kyrgyzstan",26.55,8.34,18.02,24.76,22.54,23.06
,"Pristina, Kosovo (Disputed Territory)",26.15,9.04,18.13,22.99,19.69,47.48
,"Chennai, India",26.08,6.76,17.02,28.88,16.98,46.31
,"Ahmedabad, India",26.01,5.93,16.59,28.52,19.15,39.11
,"Kolkata, India",25.99,5.57,16.42,28.24,18.89,44.66
,"Cali, Colombia",25.78,7.00,16.98,22.61,17.95,31.08
,"Guwahati, India",25.61,4.24,15.59,28.59,18.37,39.60
,"Lucknow (Lakhnau), India",25.42,4.99,15.84,25.72,20.36,48.19
,"Madurai, India",25.38,3.79,15.26,31.29,12.30,32.82
,"Surat, India",25.34,7.12,16.80,27.62,20.18,41.98
,"Vadodara, India",25.32,4.48,15.55,27.55,19.49,46.10
,"Vijayawada, India",24.95,5.32,15.75,26.24,16.86,37.17
,"Ludhiana, India",24.92,3.70,14.97,27.36,18.34,35.75
,"Cyberjaya, Selangor, Malaysia",24.85,6.93,16.45,26.29,14.60,128.47
,"Raipur, India",24.81,4.44,15.26,27.70,16.98,63.17
,"Dehradun, India",24.75,5.03,15.51,23.54,19.88,40.36
,"Nashik, India",24.60,4.74,15.29,27.92,14.48,35.31
,"Indore, India",24.50,4.59,15.17,26.47,16.27,40.00
,"Rajkot, India",24.47,4.46,15.09,28.31,16.27,44.80
,"Nagpur, India",24.39,4.45,15.04,26.47,18.85,42.48
,"Ernakulam, India",24.04,5.82,15.50,26.53,18.27,46.52
,"Visakhapatnam, India",24.03,5.40,15.30,28.27,14.52,42.70
,"Jaipur, India",23.97,5.04,15.10,24.58,16.53,51.50
,"Patna, India",23.97,3.45,14.35,25.81,18.25,36.78
,"Mangalore, India",23.73,4.58,14.75,27.17,14.87,47.91
,"Bucaramanga, Colombia",23.70,5.93,15.37,18.09,16.70,30.42
,"Coimbatore, India",23.45,4.85,14.73,26.68,15.04,40.73
,"Bhopal, India",23.35,3.58,14.08,24.45,18.70,45.78
,"Bhubaneswar, India",23.34,4.47,14.49,25.97,14.58,54.15
,"Mysore, India",23.16,4.92,14.61,25.82,14.32,46.46
,"Kochi, India",22.90,6.30,15.12,25.89,13.48,59.47
,"Agra, India",22.81,2.97,13.51,22.62,19.38,27.91
,"Jammu, India",22.04,2.94,13.08,21.79,19.31,58.35
,"Thiruvananthapuram, India",21.75,4.43,13.64,22.96,13.59,73.73
,"Kozhikode (Calicut), India",21.57,4.50,13.57,22.83,12.07,50.02
,"Lahore, Pakistan",21.53,4.03,13.33,18.48,17.34,24.42
,"Islamabad, Pakistan",21.50,5.79,14.13,18.39,18.19,29.52
,"Kabul, Afghanistan",21.35,3.17,12.83,15.22,14.85,22.79
,"Thrissur, India",21.28,3.89,13.13,24.27,11.39,54.43
,"Kanpur, India",20.79,3.60,12.73,22.19,13.31,38.83
,"Karachi, Pakistan",20.75,4.84,13.29,18.48,15.21,29.16
,"Rawalpindi, Pakistan",20.52,4.78,13.14,18.51,16.18,22.91
,"Multan, Pakistan",18.68,2.94,11.30,18.37,11.80,25.09
,"Peshawar, Pakistan",18.55,2.37,10.97,16.62,14.39,26.00
